assignment_id,task_id,task_name,task_type,method,input_brief,required_structure,local_edit_instruction,acceptance_checklist,data_status
T01-manual_docs,T01,线上故障处置周报流程,汇报流程图,manual_docs,"为周报制作一张线上故障从发现到复盘的流程图；使用合成业务内容，不含真实客户或系统数据。","必须包含5个节点：告警发现、初步分诊、负责人处理、恢复确认、复盘归档；必须按顺序连接，并将负责人处理标为进行中。","在不改变其他节点和连线的前提下，在恢复确认前插入风险复核节点。","节点和顺序完整；方向唯一且可读；状态标识正确；没有文字错误、重叠、裁切或箭头穿字；修改后非目标内容保持不变。",synthetic
T01-whole_image_edit,T01,线上故障处置周报流程,汇报流程图,whole_image_edit,"为周报制作一张线上故障从发现到复盘的流程图；使用合成业务内容，不含真实客户或系统数据。","必须包含5个节点：告警发现、初步分诊、负责人处理、恢复确认、复盘归档；必须按顺序连接，并将负责人处理标为进行中。","在不改变其他节点和连线的前提下，在恢复确认前插入风险复核节点。","节点和顺序完整；方向唯一且可读；状态标识正确；没有文字错误、重叠、裁切或箭头穿字；修改后非目标内容保持不变。",synthetic
T01-figureflow,T01,线上故障处置周报流程,汇报流程图,figureflow,"为周报制作一张线上故障从发现到复盘的流程图；使用合成业务内容，不含真实客户或系统数据。","必须包含5个节点：告警发现、初步分诊、负责人处理、恢复确认、复盘归档；必须按顺序连接，并将负责人处理标为进行中。","在不改变其他节点和连线的前提下，在恢复确认前插入风险复核节点。","节点和顺序完整；方向唯一且可读；状态标识正确；没有文字错误、重叠、裁切或箭头穿字；修改后非目标内容保持不变。",synthetic
T02-manual_docs,T02,数据权限申请SOP,SOP流程图,manual_docs,"制作一张合成的数据权限申请SOP，区分申请人、直属负责人、安全审核人和系统管理员。","必须包含4个角色泳道；申请提交后依次经过直属负责人审批和安全审核；任一审批拒绝都返回申请人；全部通过后由管理员开通并通知申请人。","只把安全审核拒绝后的去向改为结束并记录原因，其他分支保持不变。","角色职责、审批分支和方向完整；通过与拒绝路径无歧义；没有文字错误、重叠、裁切或箭头穿字；修改后非目标内容保持不变。",synthetic
T02-whole_image_edit,T02,数据权限申请SOP,SOP流程图,whole_image_edit,"制作一张合成的数据权限申请SOP，区分申请人、直属负责人、安全审核人和系统管理员。","必须包含4个角色泳道；申请提交后依次经过直属负责人审批和安全审核；任一审批拒绝都返回申请人；全部通过后由管理员开通并通知申请人。","只把安全审核拒绝后的去向改为结束并记录原因，其他分支保持不变。","角色职责、审批分支和方向完整；通过与拒绝路径无歧义；没有文字错误、重叠、裁切或箭头穿字；修改后非目标内容保持不变。",synthetic
T02-figureflow,T02,数据权限申请SOP,SOP流程图,figureflow,"制作一张合成的数据权限申请SOP，区分申请人、直属负责人、安全审核人和系统管理员。","必须包含4个角色泳道；申请提交后依次经过直属负责人审批和安全审核；任一审批拒绝都返回申请人；全部通过后由管理员开通并通知申请人。","只把安全审核拒绝后的去向改为结束并记录原因，其他分支保持不变。","角色职责、审批分支和方向完整；通过与拒绝路径无歧义；没有文字错误、重叠、裁切或箭头穿字；修改后非目标内容保持不变。",synthetic
T03-manual_docs,T03,多源数据融合专利框架,论文或专利框架图,manual_docs,"制作一张合成的多源数据融合方法框架图，用于论文或专利说明，不引用真实实验结果。","必须包含输入数据、特征编码、双分支处理、融合模块和结果输出；两条分支必须都进入融合模块；图中不得出现未经任务提供的性能数字。","将其中一条处理分支改名为时序增强分支，并保持另一条分支和所有非目标元素不变。","模块、双分支汇合关系和方向正确；不虚构指标；没有文字或符号错误、重叠、裁切或箭头穿字；修改后非目标内容保持不变。",synthetic
T03-whole_image_edit,T03,多源数据融合专利框架,论文或专利框架图,whole_image_edit,"制作一张合成的多源数据融合方法框架图，用于论文或专利说明，不引用真实实验结果。","必须包含输入数据、特征编码、双分支处理、融合模块和结果输出；两条分支必须都进入融合模块；图中不得出现未经任务提供的性能数字。","将其中一条处理分支改名为时序增强分支，并保持另一条分支和所有非目标元素不变。","模块、双分支汇合关系和方向正确；不虚构指标；没有文字或符号错误、重叠、裁切或箭头穿字；修改后非目标内容保持不变。",synthetic
T03-figureflow,T03,多源数据融合专利框架,论文或专利框架图,figureflow,"制作一张合成的多源数据融合方法框架图，用于论文或专利说明，不引用真实实验结果。","必须包含输入数据、特征编码、双分支处理、融合模块和结果输出；两条分支必须都进入融合模块；图中不得出现未经任务提供的性能数字。","将其中一条处理分支改名为时序增强分支，并保持另一条分支和所有非目标元素不变。","模块、双分支汇合关系和方向正确；不虚构指标；没有文字或符号错误、重叠、裁切或箭头穿字；修改后非目标内容保持不变。",synthetic
